{"stat.leaveGame":33,"stat.mineBlock.minecraft.sandstone":52,"stat.craftItem.minecraft.shield":6,"stat.pickup.minecraft.glass":150,"stat.useItem.minecraft.water_bucket":48,"stat.mineBlock.minecraft.red_mushroom":9,"stat.pickup.minecraft.rotten_flesh":87,"stat.pickup.minecraft.sand":674,"stat.entityKilledBy.Spider":1,"stat.craftItem.minecraft.stone_axe":26,"stat.pickup.minecraft.cobblestone_wall":390,"achievement.diamonds":8,"stat.pickup.minecraft.bucket":1,"stat.craftItem.minecraft.lit_pumpkin":1,"stat.killEntity.Enderman":5,"stat.craftItem.minecraft.cobblestone_wall":1404,"stat.craftItem.minecraft.stone_sword":13,"stat.useItem.minecraft.brown_mushroom":9,"stat.pickup.minecraft.chainmail_chestplate":1,"stat.pickup.minecraft.brown_mushroom":33,"stat.mineBlock.minecraft.sand":620,"achievement.buildPickaxe":108,"achievement.buildBetterPickaxe":108,"stat.useItem.minecraft.fence_gate":21,"stat.useItem.minecraft.iron_pickaxe":299,"stat.pickup.minecraft.double_plant":29,"stat.craftItem.minecraft.birch_door":3,"stat.craftItem.minecraft.bed":5,"stat.mineBlock.minecraft.vine":2,"stat.furnaceInteraction":89,"stat.useItem.minecraft.pumpkin_seeds":6,"stat.craftItem.minecraft.pumpkin_seeds":4,"stat.pickup.minecraft.fence_gate":9,"stat.pickup.minecraft.filled_map":4,"stat.useItem.minecraft.double_plant":5,"stat.useItem.minecraft.cooked_mutton":7,"achievement.mineWood":1048,"stat.useItem.minecraft.trapdoor":13,"stat.pickup.minecraft.iron_chestplate":5,"stat.useItem.minecraft.stone_stairs":259,"achievement.openInventory":898,"stat.pickup.minecraft.stone_stairs":26,"stat.useItem.minecraft.wheat_seeds":2656,"stat.craftItem.minecraft.fence_gate":21,"stat.pickup.minecraft.pumpkin_seeds":6,"stat.deaths":9,"stat.playOneMinute":3381621,"stat.craftItem.minecraft.iron_pickaxe":1,"stat.useItem.minecraft.shears":40,"stat.mineBlock.minecraft.tallgrass":1155,"stat.craftItem.minecraft.cooked_mutton":4,"stat.pickup.minecraft.cooked_mutton":4,"stat.chestOpened":767,"stat.pickup.minecraft.pumpkin":35,"stat.craftItem.minecraft.sign":24,"stat.useItem.minecraft.stone":296,"stat.pickup.minecraft.arrow":38,"stat.pickup.minecraft.waterlily":59,"stat.pickup.minecraft.iron_sword":2,"stat.craftItem.minecraft.coal":9,"stat.fallOneCm":54056,"stat.pickup.minecraft.carrot":6,"stat.drop.minecraft.stone_sword":2,"stat.crouchOneCm":4769,"stat.mineBlock.minecraft.chest":2,"stat.craftItem.minecraft.chest":17,"stat.craftItem.minecraft.iron_ingot":242,"stat.pickup.minecraft.red_mushroom":9,"stat.pickup.minecraft.golden_leggings":1,"stat.craftingTableInteraction":254,"stat.useItem.minecraft.reeds":76,"stat.useItem.minecraft.furnace":2,"stat.pickup.minecraft.dye":111,"stat.pickup.minecraft.planks":108,"stat.pickup.minecraft.iron_leggings":6,"stat.pickup.minecraft.wheat_seeds":4122,"stat.mineBlock.minecraft.gravel":232,"stat.useItem.minecraft.stone_pickaxe":7806,"stat.breakItem.minecraft.stone_axe":6,"stat.mineBlock.minecraft.glass":50,"stat.useItem.minecraft.stone_sword":586,"stat.craftItem.minecraft.iron_leggings":3,"stat.mineBlock.minecraft.dirt":10425,"stat.useItem.minecraft.torch":782,"stat.useItem.minecraft.bread":101,"stat.craftItem.minecraft.redstone_block":100,"stat.craftItem.minecraft.stone_stairs":1172,"stat.pickup.minecraft.crafting_table":2,"stat.useItem.minecraft.cobblestone":399,"stat.craftItem.minecraft.crafting_table":6,"stat.useItem.minecraft.gravel":5,"stat.mineBlock.minecraft.double_plant":47,"stat.craftItem.minecraft.boat":2,"stat.pickup.minecraft.log":1155,"stat.pickup.minecraft.compass":3,"stat.pickup.minecraft.iron_pickaxe":7,"stat.breakItem.minecraft.iron_boots":1,"stat.useItem.minecraft.yellow_flower":6,"stat.craftItem.minecraft.gold_ingot":64,"stat.pickup.minecraft.tallgrass":5,"stat.breakItem.minecraft.iron_helmet":1,"stat.pickup.minecraft.sapling":364,"stat.pickup.minecraft.wooden_door":11,"stat.useItem.minecraft.tallgrass":2,"stat.entityKilledBy.Enderman":1,"stat.pickup.minecraft.apple":43,"stat.breakItem.minecraft.stone_shovel":36,"stat.useItem.minecraft.birch_door":3,"stat.pickup.minecraft.coal_block":1,"stat.craftItem.minecraft.bucket":2,"stat.craftItem.minecraft.planks":1028,"stat.useItem.minecraft.iron_sword":165,"stat.craftItem.minecraft.dirt":232,"stat.pickup.minecraft.stone_sword":14,"stat.craftItem.minecraft.fishing_rod":1,"stat.mineBlock.minecraft.log":1144,"stat.craftItem.minecraft.wooden_door":39,"stat.useItem.minecraft.stone_hoe":608,"stat.useItem.minecraft.wooden_door":21,"achievement.acquireIron":8,"stat.craftItem.minecraft.sugar":1,"stat.craftItem.minecraft.paper":108,"stat.pickup.minecraft.red_flower":32,"stat.sneakTime":9506,"stat.pickup.minecraft.wool":89,"stat.mineBlock.minecraft.cobblestone_wall":78,"stat.pickup.minecraft.stone_slab":130,"stat.pickup.minecraft.yellow_flower":9,"stat.pickup.minecraft.chest":2,"stat.pickup.minecraft.bone":44,"stat.mineBlock.minecraft.cobblestone":37,"stat.mineBlock.minecraft.pumpkin":35,"stat.pickup.minecraft.stone_pickaxe":14,"stat.pickup.minecraft.flint":28,"stat.mineBlock.minecraft.yellow_flower":3,"stat.mineBlock.minecraft.brown_mushroom":28,"stat.swimOneCm":134262,"stat.climbOneCm":33939,"achievement.buildWorkBench":6,"stat.useItem.minecraft.coal_block":1,"stat.useItem.minecraft.dirt":5289,"stat.pickup.minecraft.bow":1,"achievement.exploreAllBiomes":{"value":0,"progress":["ForestHills","Beach","Stone Beach","River","Ocean","Forest","Plains","Extreme Hills","Swampland","Deep Ocean"]},"stat.pickup.minecraft.iron_boots":4,"stat.pickup.minecraft.stone_hoe":9,"stat.craftItem.minecraft.furnace":2,"stat.useItem.minecraft.red_flower":15,"stat.craftItem.minecraft.lapis_block":12,"stat.craftItem.minecraft.iron_boots":4,"stat.craftItem.minecraft.trapdoor":16,"stat.craftItem.minecraft.stone_pickaxe":95,"stat.pickup.minecraft.shears":2,"stat.pickup.minecraft.cobblestone":6350,"stat.craftItem.minecraft.bow":1,"stat.useItem.minecraft.stone_shovel":7840,"stat.flyOneCm":43586,"stat.pickup.minecraft.sandstone":51,"stat.useItem.minecraft.red_mushroom":1,"stat.useItem.minecraft.cooked_beef":3,"stat.pickup.minecraft.redstone":800,"stat.mineBlock.minecraft.iron_ore":321,"stat.craftItem.minecraft.book":1,"stat.timeSinceDeath":620680,"stat.useItem.minecraft.sign":19,"stat.pickup.minecraft.mutton":6,"stat.craftItem.minecraft.iron_block":17,"stat.mineBlock.minecraft.coal_block":1,"stat.drop.minecraft.dirt":1,"stat.useItem.minecraft.cooked_porkchop":1,"stat.pickup.minecraft.trapdoor":1,"stat.mineBlock.minecraft.coal_ore":1021,"stat.pickup.minecraft.shield":7,"stat.killEntity.Creeper":3,"stat.craftItem.minecraft.stone_hoe":8,"stat.pickup.minecraft.string":30,"stat.mineBlock.minecraft.ladder":3,"stat.entityKilledBy.Skeleton":1,"achievement.buildSword":12,"stat.sprintOneCm":17659,"stat.pickup.minecraft.paper":4,"stat.mineBlock.minecraft.stone_slab":6,"stat.craftItem.minecraft.stick":904,"stat.useItem.minecraft.stone_slab":33,"stat.useItem.minecraft.bed":8,"stat.mineBlock.minecraft.diamond_ore":20,"stat.pickup.minecraft.grass":1,"stat.mineBlock.minecraft.crafting_table":2,"stat.useItem.minecraft.carrot":6,"stat.drop.minecraft.lava_bucket":1,"stat.pickup.minecraft.leather_leggings":1,"stat.useItem.minecraft.bucket":59,"stat.entityKilledBy.Creeper":3,"achievement.killEnemy":90,"achievement.buildFurnace":1,"stat.drop":4,"stat.killEntity.Sheep":3,"stat.useItem.minecraft.ladder":41,"stat.pickup.minecraft.slime_ball":8,"stat.killEntity.Zombie":58,"stat.mineBlock.minecraft.gold_ore":50,"stat.diveOneCm":17998,"stat.pickup.minecraft.wheat":2231,"stat.craftItem.minecraft.ladder":87,"achievement.buildHoe":4,"stat.pickup.minecraft.sign":2,"stat.pickup.minecraft.gravel":230,"stat.killEntity.Slime":12,"stat.pickup.minecraft.stone_axe":6,"stat.useItem.minecraft.waterlily":4,"stat.useItem.minecraft.apple":9,"stat.jump":7960,"stat.pickup.minecraft.coal":1118,"stat.pickup.minecraft.iron_helmet":4,"stat.pickup.minecraft.iron_ingot":90,"stat.useItem.minecraft.stone_axe":1766,"stat.craftItem.minecraft.bread":686,"stat.pickup.minecraft.gunpowder":5,"stat.pickup.minecraft.spider_eye":9,"stat.craftItem.minecraft.torch":784,"stat.pickup.minecraft.dirt":10541,"stat.craftItem.minecraft.iron_helmet":4,"achievement.makeBread":618,"stat.pickup.minecraft.iron_ore":328,"stat.useItem.minecraft.glass":516,"stat.pickup.minecraft.stone_shovel":27,"stat.boatOneCm":808286,"stat.pickup.minecraft.gold_ore":50,"stat.useItem.minecraft.sapling":107,"stat.mineBlock.minecraft.lapis_ore":19,"stat.pickup.minecraft.leaves":63,"stat.mineBlock.minecraft.stone_stairs":24,"stat.damageTaken":7266,"stat.mineBlock.minecraft.torch":65,"stat.mineBlock.minecraft.red_flower":29,"stat.mineBlock.minecraft.sapling":41,"stat.pickup.minecraft.reeds":335,"stat.pickup.minecraft.bed":5,"stat.mineBlock.minecraft.fence_gate":1,"stat.entityKilledBy.Zombie":3,"stat.damageDealt":21331,"stat.craftItem.minecraft.glass":516,"stat.sleepInBed":37,"stat.craftItem.minecraft.bowl":4,"stat.useItem.minecraft.crafting_table":8,"stat.craftItem.minecraft.iron_sword":2,"stat.craftItem.minecraft.stone_slab":516,"stat.craftItem.minecraft.stone_shovel":81,"stat.pickup.minecraft.boat":1,"stat.walkOneCm":9417209,"stat.useItem.minecraft.chest":19,"stat.pickup.minecraft.stick":52,"stat.useItem.minecraft.lava_bucket":7,"stat.breakItem.minecraft.stone_pickaxe":18,"stat.pickup.minecraft.stone":1142,"stat.craftItem.minecraft.iron_chestplate":3,"stat.pickup.minecraft.ender_pearl":3,"stat.useItem.minecraft.leaves":1,"stat.breakItem.minecraft.stone_hoe":1,"stat.pickup.minecraft.cooked_beef":1,"stat.pickup.minecraft.ladder":18,"stat.killEntity.Skeleton":14,"stat.killEntity.Spider":25,"stat.pickup.minecraft.bread":222,"stat.mobKills":125,"stat.craftItem.minecraft.shears":2,"stat.useItem.minecraft.boat":2,"stat.pickup.minecraft.water_bucket":5,"stat.useItem.minecraft.cobblestone_wall":1227,"stat.pickup.minecraft.diamond":20,"stat.mineBlock.minecraft.leaves":2182,"stat.pickup.minecraft.torch":155,"stat.mineBlock.minecraft.redstone_ore":178,"stat.pickup.minecraft.lava_bucket":1,"stat.craftItem.minecraft.coal_block":70,"stat.craftItem.minecraft.map":2,"stat.craftItem.minecraft.compass":3,"stat.mineBlock.minecraft.stone":6055}