{"stat.leaveGame":10,"stat.mineBlock.minecraft.pumpkin":1,"stat.pickup.minecraft.flint":3,"stat.swimOneCm":7077,"achievement.buildWorkBench":2,"stat.pickup.minecraft.porkchop":1,"stat.useItem.minecraft.dirt":75,"achievement.exploreAllBiomes":{"value":0,"progress":["ForestHills","Beach","Roofed Forest","River","Ocean","Plains","Desert","Deep Ocean"]},"stat.pickup.minecraft.sand":109,"stat.craftItem.minecraft.furnace":2,"stat.craftItem.minecraft.stone_pickaxe":19,"stat.craftItem.minecraft.cooked_beef":3,"stat.pickup.minecraft.cobblestone":866,"stat.useItem.minecraft.stone_shovel":53,"stat.craftItem.minecraft.stone_sword":1,"stat.flyOneCm":290,"stat.mineBlock.minecraft.sand":113,"achievement.buildPickaxe":22,"stat.craftItem.minecraft.wooden_hoe":1,"stat.craftItem.minecraft.cooked_fish":2,"achievement.buildBetterPickaxe":21,"stat.pickup.minecraft.redstone":105,"stat.mineBlock.minecraft.iron_ore":14,"stat.timeSinceDeath":111788,"stat.useItem.minecraft.iron_pickaxe":38,"stat.craftItem.minecraft.wooden_pickaxe":1,"stat.pickup.minecraft.mutton":3,"stat.craftItem.minecraft.birch_door":3,"stat.furnaceInteraction":18,"stat.mineBlock.minecraft.coal_ore":83,"stat.craftItem.minecraft.stone_hoe":3,"stat.mineBlock.minecraft.red_mushroom_block":50,"stat.pickup.minecraft.beef":4,"stat.entityKilledBy.Skeleton":1,"achievement.buildSword":2,"achievement.mineWood":130,"stat.sprintOneCm":305,"stat.craftItem.minecraft.stick":76,"achievement.openInventory":28,"stat.useItem.minecraft.wooden_shovel":51,"achievement.buildFurnace":1,"stat.deaths":1,"stat.playOneMinute":185258,"stat.craftItem.minecraft.wooden_shovel":1,"stat.killEntity.Sheep":2,"stat.craftItem.minecraft.iron_pickaxe":2,"stat.mineBlock.minecraft.gold_ore":14,"stat.mineBlock.minecraft.tallgrass":29,"stat.craftItem.minecraft.cooked_mutton":3,"stat.diveOneCm":3705,"stat.chestOpened":31,"stat.pickup.minecraft.pumpkin":1,"achievement.buildHoe":4,"stat.pickup.minecraft.gravel":51,"stat.craftItem.minecraft.cooked_porkchop":1,"stat.useItem.minecraft.apple":4,"stat.breakItem.minecraft.wooden_axe":2,"stat.craftItem.minecraft.coal":7,"stat.jump":642,"stat.pickup.minecraft.coal":83,"stat.fallOneCm":2456,"stat.crouchOneCm":2521,"achievement.killCow":2,"stat.mineBlock.minecraft.chest":4,"stat.craftItem.minecraft.torch":88,"stat.craftItem.minecraft.iron_ingot":8,"stat.pickup.minecraft.dirt":231,"stat.pickup.minecraft.red_mushroom":11,"stat.craftingTableInteraction":19,"stat.pickup.minecraft.iron_ore":14,"stat.useItem.minecraft.glass":33,"stat.boatOneCm":430749,"stat.useItem.minecraft.sapling":1,"stat.pickup.minecraft.gold_ore":14,"stat.damageTaken":320,"stat.pickup.minecraft.leather":2,"stat.mineBlock.minecraft.torch":13,"stat.useItem.minecraft.wooden_pickaxe":154,"stat.useItem.minecraft.furnace":2,"stat.craftItem.minecraft.wooden_sword":1,"stat.pickup.minecraft.wheat_seeds":3,"stat.mineBlock.minecraft.gravel":46,"stat.useItem.minecraft.stone_pickaxe":1075,"stat.craftItem.minecraft.glass":33,"stat.damageDealt":460,"stat.killEntity.Cow":2,"stat.mineBlock.minecraft.dirt":232,"stat.useItem.minecraft.crafting_table":2,"stat.killEntity.Pig":1,"stat.craftItem.minecraft.stone_shovel":7,"stat.walkOneCm":333660,"stat.useItem.minecraft.torch":33,"stat.useItem.minecraft.chest":3,"stat.pickup.minecraft.stick":7,"stat.craftItem.minecraft.crafting_table":2,"stat.mineBlock.minecraft.double_plant":3,"stat.craftItem.minecraft.boat":2,"stat.breakItem.minecraft.stone_pickaxe":7,"stat.pickup.minecraft.log":135,"stat.useItem.minecraft.cooked_fish":1,"stat.pickup.minecraft.stone":104,"stat.pickup.minecraft.sapling":5,"stat.useItem.minecraft.birch_door":1,"stat.craftItem.minecraft.planks":176,"stat.mobKills":5,"stat.mineBlock.minecraft.log":136,"stat.craftItem.minecraft.wooden_door":3,"stat.useItem.minecraft.wooden_door":1,"stat.useItem.minecraft.boat":1,"achievement.acquireIron":1,"stat.mineBlock.minecraft.leaves":37,"stat.pickup.minecraft.torch":14,"stat.mineBlock.minecraft.redstone_ore":24,"stat.sneakTime":649,"stat.pickup.minecraft.wool":2,"stat.pickup.minecraft.cooked_fish":1,"stat.useItem.minecraft.wooden_axe":187,"achievement.cookFish":1,"stat.mineBlock.minecraft.stone":1002,"stat.pickup.minecraft.chest":4,"stat.breakItem.minecraft.wooden_pickaxe":2}