{"stat.leaveGame":17,"stat.mineBlock.minecraft.sandstone":52,"stat.craftItem.minecraft.shield":2,"stat.pickup.minecraft.glass":150,"stat.useItem.minecraft.water_bucket":39,"stat.mineBlock.minecraft.red_mushroom":2,"stat.pickup.minecraft.rotten_flesh":24,"stat.pickup.minecraft.sand":673,"stat.entityKilledBy.Spider":1,"stat.craftItem.minecraft.stone_axe":4,"stat.pickup.minecraft.bucket":1,"stat.killEntity.Enderman":1,"stat.craftItem.minecraft.stone_sword":5,"stat.pickup.minecraft.brown_mushroom":11,"stat.mineBlock.minecraft.sand":613,"achievement.buildPickaxe":7,"achievement.buildBetterPickaxe":7,"stat.useItem.minecraft.iron_pickaxe":68,"stat.pickup.minecraft.double_plant":15,"stat.craftItem.minecraft.bed":2,"stat.mineBlock.minecraft.vine":2,"stat.furnaceInteraction":49,"stat.useItem.minecraft.double_plant":2,"stat.useItem.minecraft.cooked_mutton":7,"achievement.mineWood":71,"stat.useItem.minecraft.trapdoor":2,"stat.pickup.minecraft.iron_chestplate":4,"stat.useItem.minecraft.stone_stairs":5,"achievement.openInventory":230,"stat.pickup.minecraft.stone_stairs":6,"stat.useItem.minecraft.wheat_seeds":1126,"stat.deaths":6,"stat.playOneMinute":1265963,"stat.useItem.minecraft.shears":3,"stat.mineBlock.minecraft.tallgrass":875,"stat.craftItem.minecraft.cooked_mutton":4,"stat.pickup.minecraft.cooked_mutton":4,"stat.chestOpened":217,"stat.useItem.minecraft.stone":14,"stat.pickup.minecraft.arrow":5,"stat.pickup.minecraft.waterlily":59,"stat.fallOneCm":20993,"stat.crouchOneCm":1917,"stat.craftItem.minecraft.chest":4,"stat.craftItem.minecraft.iron_ingot":91,"stat.pickup.minecraft.red_mushroom":2,"stat.craftingTableInteraction":85,"stat.useItem.minecraft.reeds":11,"stat.useItem.minecraft.furnace":1,"stat.pickup.minecraft.dye":14,"stat.pickup.minecraft.planks":100,"stat.pickup.minecraft.iron_leggings":4,"stat.pickup.minecraft.wheat_seeds":1468,"stat.mineBlock.minecraft.gravel":43,"stat.useItem.minecraft.stone_pickaxe":2167,"stat.mineBlock.minecraft.glass":39,"stat.useItem.minecraft.stone_sword":258,"stat.craftItem.minecraft.iron_leggings":1,"stat.mineBlock.minecraft.dirt":3259,"stat.useItem.minecraft.torch":117,"stat.useItem.minecraft.bread":20,"stat.craftItem.minecraft.stone_stairs":8,"stat.useItem.minecraft.cobblestone":68,"stat.craftItem.minecraft.crafting_table":1,"stat.useItem.minecraft.gravel":5,"stat.mineBlock.minecraft.double_plant":33,"stat.craftItem.minecraft.boat":2,"stat.pickup.minecraft.log":123,"stat.pickup.minecraft.compass":1,"stat.pickup.minecraft.iron_pickaxe":6,"stat.craftItem.minecraft.gold_ingot":29,"stat.pickup.minecraft.tallgrass":4,"stat.pickup.minecraft.sapling":52,"stat.pickup.minecraft.wooden_door":7,"stat.useItem.minecraft.tallgrass":2,"stat.entityKilledBy.Enderman":1,"stat.pickup.minecraft.apple":6,"stat.breakItem.minecraft.stone_shovel":10,"stat.craftItem.minecraft.bucket":2,"stat.craftItem.minecraft.planks":96,"stat.pickup.minecraft.stone_sword":6,"stat.mineBlock.minecraft.log":111,"stat.craftItem.minecraft.wooden_door":6,"stat.useItem.minecraft.stone_hoe":451,"stat.useItem.minecraft.wooden_door":12,"stat.craftItem.minecraft.paper":33,"stat.pickup.minecraft.red_flower":25,"stat.sneakTime":3436,"stat.pickup.minecraft.wool":74,"stat.pickup.minecraft.stone_slab":5,"stat.pickup.minecraft.yellow_flower":2,"stat.pickup.minecraft.bone":9,"stat.mineBlock.minecraft.cobblestone":10,"stat.pickup.minecraft.stone_pickaxe":8,"stat.pickup.minecraft.flint":5,"stat.mineBlock.minecraft.yellow_flower":1,"stat.mineBlock.minecraft.brown_mushroom":10,"stat.swimOneCm":67466,"stat.climbOneCm":1103,"achievement.buildWorkBench":1,"stat.useItem.minecraft.dirt":2302,"achievement.exploreAllBiomes":{"value":0,"progress":["ForestHills","Beach","Stone Beach","River","Ocean","Forest","Plains","Extreme Hills","Swampland","Deep Ocean"]},"stat.pickup.minecraft.iron_boots":3,"stat.pickup.minecraft.stone_hoe":7,"stat.craftItem.minecraft.furnace":1,"stat.craftItem.minecraft.iron_boots":2,"stat.craftItem.minecraft.trapdoor":2,"stat.craftItem.minecraft.stone_pickaxe":15,"stat.pickup.minecraft.shears":2,"stat.pickup.minecraft.cobblestone":2276,"stat.useItem.minecraft.stone_shovel":1557,"stat.flyOneCm":17394,"stat.pickup.minecraft.sandstone":51,"stat.useItem.minecraft.cooked_beef":3,"stat.pickup.minecraft.redstone":172,"stat.mineBlock.minecraft.iron_ore":86,"stat.timeSinceDeath":311679,"stat.pickup.minecraft.mutton":6,"stat.drop.minecraft.dirt":1,"stat.useItem.minecraft.cooked_porkchop":1,"stat.mineBlock.minecraft.coal_ore":251,"stat.pickup.minecraft.shield":3,"stat.craftItem.minecraft.stone_hoe":4,"stat.pickup.minecraft.string":16,"stat.entityKilledBy.Skeleton":1,"stat.sprintOneCm":2567,"stat.mineBlock.minecraft.stone_slab":3,"stat.craftItem.minecraft.stick":84,"stat.useItem.minecraft.stone_slab":5,"stat.useItem.minecraft.bed":2,"stat.mineBlock.minecraft.diamond_ore":4,"stat.useItem.minecraft.bucket":41,"stat.entityKilledBy.Creeper":3,"stat.drop":1,"stat.killEntity.Sheep":3,"stat.killEntity.Zombie":12,"stat.mineBlock.minecraft.gold_ore":15,"stat.diveOneCm":15006,"stat.pickup.minecraft.wheat":733,"stat.pickup.minecraft.gravel":49,"stat.pickup.minecraft.stone_axe":1,"stat.useItem.minecraft.apple":5,"stat.jump":3498,"stat.pickup.minecraft.coal":328,"stat.pickup.minecraft.iron_helmet":4,"stat.pickup.minecraft.iron_ingot":90,"stat.useItem.minecraft.stone_axe":63,"stat.craftItem.minecraft.bread":218,"stat.pickup.minecraft.spider_eye":4,"stat.craftItem.minecraft.torch":84,"stat.pickup.minecraft.dirt":3452,"stat.craftItem.minecraft.iron_helmet":1,"stat.pickup.minecraft.iron_ore":93,"stat.useItem.minecraft.glass":386,"stat.pickup.minecraft.stone_shovel":11,"stat.boatOneCm":808286,"stat.pickup.minecraft.gold_ore":15,"stat.useItem.minecraft.sapling":1,"stat.mineBlock.minecraft.lapis_ore":3,"stat.mineBlock.minecraft.stone_stairs":4,"stat.damageTaken":3076,"stat.mineBlock.minecraft.torch":10,"stat.mineBlock.minecraft.red_flower":22,"stat.pickup.minecraft.reeds":45,"stat.pickup.minecraft.bed":1,"stat.damageDealt":5226,"stat.craftItem.minecraft.glass":386,"stat.sleepInBed":12,"stat.useItem.minecraft.crafting_table":1,"stat.craftItem.minecraft.stone_slab":54,"stat.craftItem.minecraft.stone_shovel":13,"stat.pickup.minecraft.boat":1,"stat.walkOneCm":2960629,"stat.useItem.minecraft.chest":4,"stat.pickup.minecraft.stick":20,"stat.breakItem.minecraft.stone_pickaxe":14,"stat.pickup.minecraft.stone":412,"stat.craftItem.minecraft.iron_chestplate":1,"stat.pickup.minecraft.ender_pearl":1,"stat.breakItem.minecraft.stone_hoe":1,"stat.pickup.minecraft.cooked_beef":1,"stat.killEntity.Skeleton":2,"stat.killEntity.Spider":11,"stat.pickup.minecraft.bread":42,"stat.mobKills":30,"stat.craftItem.minecraft.shears":1,"stat.useItem.minecraft.boat":2,"stat.pickup.minecraft.water_bucket":5,"stat.pickup.minecraft.diamond":4,"stat.mineBlock.minecraft.leaves":1053,"stat.pickup.minecraft.torch":50,"stat.mineBlock.minecraft.redstone_ore":38,"stat.craftItem.minecraft.map":1,"stat.craftItem.minecraft.compass":1,"stat.mineBlock.minecraft.stone":1710}